,url,text,media_url,comments
0,/story.php?story_fbid=10165011658885725&id=153080620724&refid=17&_ft_=mf_story_key.10165011658885725%3Atop_level_post_id.10165011658885725%3Atl_objid.10165011658885725%3Acontent_owner_id_new.153080620724%3Athrowback_story_fbid.10165011658885725%3Apage_id.153080620724%3Astory_location.4%3Atds_flgs.3%3Apage_insights.%7B%22153080620724%22%3A%7B%22page_id%22%3A153080620724%2C%22page_id_type%22%3A%22page%22%2C%22actor_id%22%3A153080620724%2C%22dm%22%3A%7B%22isShare%22%3A0%2C%22originalPostOwnerID%22%3A0%7D%2C%22psn%22%3A%22EntStatusCreationStory%22%2C%22post_context%22%3A%7B%22object_fbtype%22%3A266%2C%22publish_time%22%3A1593695563%2C%22story_name%22%3A%22EntStatusCreationStory%22%2C%22story_fbid%22%3A%5B10165011658885725%5D%7D%2C%22role%22%3A1%2C%22sl%22%3A4%2C%22targets%22%3A%5B%7B%22actor_id%22%3A153080620724%2C%22page_id%22%3A153080620724%2C%22post_id%22%3A10165011658885725%2C%22role%22%3A1%2C%22share_id%22%3A0%7D%5D%7D%7D%3Athid.153080620724%3A306061129499414%3A2%3A0%3A1596265199%3A-9153219129487347765&__tn__=%2AW-R#footer_action_list,[],,"[{'text': ['üôè', 'üá∫üá∏', ' Peace to all politics', ' This is a time of unity! We must stand together... USA is falling apart in this difficult time... Let""s not be blind to what\'s really happening. Bless the children the sick the needy and those at war with themselves and eachother. Pray for those with Covid 19 those that lost family members and those that are depressed. Bless the children.', ' Pray for the world ', 'üåé'], 'profile_name': 'CE Aguilar', 'profile_url': '/ce.aguilar.526'}, {'text': ['Thank You Sir.. We can never repay you the debt we owe you but WE have a Big God and HE will many times over! God Bless You and keep you safe until your mission is complete!'], 'profile_name': 'Saman Mahamad', 'profile_url': '/saman.mahamad12'}, {'text': ['Congratulations', "" on helping us and for sticking through all the hate you've had to put up with. Many a man would have quit, but you've hung in there for us! Thank you and God bless you!""], 'profile_name': 'Theresa Moss', 'profile_url': '/Tressaa'}, {'text': ['Congratulations', '!!!  Way to go President Trump.  Keep those Dems guessing how you do such a great job.  They have not done much of anything in almost 4 years.  Sad'], 'profile_name': 'Barbara Clausen Nielsen', 'profile_url': '/bcnielsen1'}, {'text': ['You are the best President. I served under President Reagan, which I thought until you was the best. I would have loved serving under you. '], 'profile_name': 'Joey Nieves Jr', 'profile_url': '/joey.nievesjr'}, {'text': ['Great job ! Now if only those God forsaken protesters ... looters .. and rioters ... would actually get a real job the numbers would look even better !'], 'profile_name': 'Mary Sand', 'profile_url': '/MaryS112'}, {'text': ['Congratulations', ' On delivering to your people. ', ' ', ' Many make promises, few deliver.'], 'profile_name': 'Duduzile Fox Ndwandwe', 'profile_url': '/dudu.dmd'}, {'text': ['That‚Äôs great! Let‚Äôs keep going  we need to make more information out there at rallies talk about all the stuff dems stand for communist, tearing down history, defunding police , etc then ask are we going to let them tear down America take away our freedoms ? There is such a large silent majority out there behind you. Rally them out !!! This election is important for our lives as Americans ', 'üôè'], 'profile_name': 'Gina Gemmati', 'profile_url': '/gina.gemmati'}, {'text': ['You are THE BEST President we have ever had and no other could have handled things during times like this and accomplished so much! Truly grateful!'], 'profile_name': 'Aliison Marie Woodson', 'profile_url': '/aliison.m.woodson'}, {'text': [""Different subject. Forced wearing of masks is a circumvention of the 2nd Amendment by the democraps! Don't believe me ? Wear a mask while practicing your right to protect yourself. See what happens. Democraps know they are safe as long as you are showing your submission by wearing a mask..... Mask equals inability to protect yourself and submission.""], 'profile_name': 'Steven Horter', 'profile_url': '/steven.horter.39'}, {'text': [""Please update us on the health care reform.  I'm tired of the negative commentary that you're taking away health care. Please set the record straight...""], 'profile_name': 'Loretta Lynn Keller', 'profile_url': '/loretta.emerson'}, {'text': ['Now make sure when the reporters ask you questions to say "" let me look to see if you\'re on the list for me to call upon"".  Then say, ""oh wait, I don\'t get a list, just Sleepy Joe does.""  Time to wake up the sheep!'], 'profile_name': 'Cheryl Trevorrow', 'profile_url': '/sheryl.trev'}, {'text': ['Calm down Lone Ranger. These aren‚Äôt new jobs, but jobs that people are returning to after being furloughed. Your July numbers will be devastating. '], 'profile_name': 'Tracey Aaron', 'profile_url': '/tracey.aaron.7'}, {'text': ['Try to enjoy the holiday weekend!! Looking forward to seeing the fireworks at Mount Rushmore!!'], 'profile_name': 'Lisa Lowe', 'profile_url': '/lisa.lowe.7393'}, {'text': ['Democrats are scrambling trying to create something negative about jobs report.'], 'profile_name': 'Rick Mayo', 'profile_url': '/rick.mayo.colorado'}, {'text': [""...and they said jobs wouldn't come back until the Fall. They forget who's in charge.""], 'profile_name': 'Michael Ditka', 'profile_url': '/profile.php'}, {'text': ['These people are coming back to work after temporary layoffs. Large parts of the country are closing down again because the virus is running virtually unchecked. The end of June numbers will be more indicative of the state of joblessness in our country.'], 'profile_name': 'Shay Edwards', 'profile_url': '/profile.php'}, {'text': ['Mr President, you can‚Äôt let Mr Biden win the election. I work in healthcare and he shows significant signes of Alzheimer‚Äôs. God bless USA'], 'profile_name': 'Ulf Persson', 'profile_url': '/ulf.persson11'}, {'text': ['The MSM is playing games yet again. This morning, after no transmission problems all morning long, the local Fox-TV station in Little Rock, Arkansas experienced ‚Äútechnical difficulties‚Äù that interrupted President Trump‚Äôs televised jobs report. The Mainstream Media will stop at nothing to disrupt and tarnish his Presidency.'], 'profile_name': 'Luther G. Williams', 'profile_url': '/lutherg.williams'}, {'text': [""Do not cave on the facemask issue and stop the contact tracing by defunding it!  The virus has a 99% survival rate, let it run it's course!  Asking you to stand in the gap for American privacy against government control.""], 'profile_name': 'Karen Rash Meyer', 'profile_url': '/karenmeyer7'}]"
1,/story.php?story_fbid=10165011426170725&id=153080620724&refid=17&_ft_=mf_story_key.10165011426170725%3Atop_level_post_id.10165011426170725%3Atl_objid.10165011426170725%3Acontent_owner_id_new.153080620724%3Aoriginal_content_id.3219324228126311%3Aoriginal_content_owner_id.1745691098822972%3Athrowback_story_fbid.10165011426170725%3Apage_id.153080620724%3Astory_location.4%3Aattached_story_attachment_style.share%3Atds_flgs.3%3Apage_insights.%7B%22153080620724%22%3A%7B%22page_id%22%3A153080620724%2C%22page_id_type%22%3A%22page%22%2C%22actor_id%22%3A153080620724%2C%22dm%22%3A%7B%22isShare%22%3A1%2C%22originalPostOwnerID%22%3A3219324228126311%7D%2C%22psn%22%3A%22EntStatusCreationStory%22%2C%22post_context%22%3A%7B%22object_fbtype%22%3A266%2C%22publish_time%22%3A1593693016%2C%22story_name%22%3A%22EntStatusCreationStory%22%2C%22story_fbid%22%3A%5B10165011426170725%5D%7D%2C%22role%22%3A1%2C%22sl%22%3A4%2C%22targets%22%3A%5B%7B%22actor_id%22%3A153080620724%2C%22page_id%22%3A153080620724%2C%22post_id%22%3A10165011426170725%2C%22role%22%3A1%2C%22share_id%22%3A3219324228126311%7D%5D%7D%2C%221745691098822972%22%3A%7B%22page_id%22%3A1745691098822972%2C%22page_id_type%22%3A%22page%22%2C%22actor_id%22%3A153080620724%2C%22attached_story%22%3A%7B%22page_id%22%3A1745691098822972%2C%22page_id_type%22%3A%22page%22%2C%22actor_id%22%3A1745691098822972%2C%22dm%22%3A%7B%22isShare%22%3A1%2C%22originalPostOwnerID%22%3A0%7D%2C%22psn%22%3A%22EntStatusCreationStory%22%2C%22post_context%22%3A%7B%22object_fbtype%22%3A266%2C%22publish_time%22%3A1593692921%2C%22story_name%22%3A%22EntStatusCreationStory%22%2C%22story_fbid%22%3A%5B3219324228126311%5D%7D%2C%22role%22%3A1%2C%22sl%22%3A4%7D%2C%22dm%22%3A%7B%22isShare%22%3A1%2C%22originalPostOwnerID%22%3A0%7D%2C%22psn%22%3A%22EntStatusCreationStory%22%2C%22role%22%3A1%2C%22sl%22%3A4%2C%22targets%22%3A%5B%7B%22actor_id%22%3A153080620724%2C%22page_id%22%3A1745691098822972%2C%22post_id%22%3A3219324228126311%2C%22role%22%3A1%2C%22share_id%22%3A0%7D%5D%7D%7D%3Athid.153080620724%3A306061129499414%3A2%3A0%3A1596265199%3A-3249242341198256321&__tn__=%2AW-R#footer_action_list,[],,[]
2,/story.php?story_fbid=10165006918900725&id=153080620724&refid=17&_ft_=mf_story_key.10165006918900725%3Atop_level_post_id.10165006918900725%3Atl_objid.10165006918900725%3Acontent_owner_id_new.153080620724%3Athrowback_story_fbid.10165006918900725%3Apage_id.153080620724%3Astory_location.4%3Astory_attachment_style.share%3Atds_flgs.3%3Apage_insights.%7B%22153080620724%22%3A%7B%22page_id%22%3A153080620724%2C%22page_id_type%22%3A%22page%22%2C%22actor_id%22%3A153080620724%2C%22dm%22%3A%7B%22isShare%22%3A1%2C%22originalPostOwnerID%22%3A0%7D%2C%22psn%22%3A%22EntStatusCreationStory%22%2C%22post_context%22%3A%7B%22object_fbtype%22%3A266%2C%22publish_time%22%3A1593646621%2C%22story_name%22%3A%22EntStatusCreationStory%22%2C%22story_fbid%22%3A%5B10165006918900725%5D%7D%2C%22role%22%3A1%2C%22sl%22%3A4%2C%22targets%22%3A%5B%7B%22actor_id%22%3A153080620724%2C%22page_id%22%3A153080620724%2C%22post_id%22%3A10165006918900725%2C%22role%22%3A1%2C%22share_id%22%3A0%7D%5D%7D%7D%3Athid.153080620724%3A306061129499414%3A2%3A0%3A1596265199%3A1761235911754621678&__tn__=%2AW-R#footer_action_list,[],,[]
3,/story.php?story_fbid=10165006916880725&id=153080620724&refid=17&_ft_=mf_story_key.10165006916880725%3Atop_level_post_id.10165006916880725%3Atl_objid.10165006916880725%3Acontent_owner_id_new.153080620724%3Athrowback_story_fbid.10165006916880725%3Apage_id.153080620724%3Astory_location.4%3Astory_attachment_style.share%3Atds_flgs.3%3Apage_insights.%7B%22153080620724%22%3A%7B%22page_id%22%3A153080620724%2C%22page_id_type%22%3A%22page%22%2C%22actor_id%22%3A153080620724%2C%22dm%22%3A%7B%22isShare%22%3A1%2C%22originalPostOwnerID%22%3A0%7D%2C%22psn%22%3A%22EntStatusCreationStory%22%2C%22post_context%22%3A%7B%22object_fbtype%22%3A266%2C%22publish_time%22%3A1593646600%2C%22story_name%22%3A%22EntStatusCreationStory%22%2C%22story_fbid%22%3A%5B10165006916880725%5D%7D%2C%22role%22%3A1%2C%22sl%22%3A4%2C%22targets%22%3A%5B%7B%22actor_id%22%3A153080620724%2C%22page_id%22%3A153080620724%2C%22post_id%22%3A10165006916880725%2C%22role%22%3A1%2C%22share_id%22%3A0%7D%5D%7D%7D%3Athid.153080620724%3A306061129499414%3A2%3A0%3A1596265199%3A3714704220194002443&__tn__=%2AW-R#footer_action_list,[],,[]
4,/story.php?story_fbid=10165006915305725&id=153080620724&refid=17&_ft_=mf_story_key.10165006915305725%3Atop_level_post_id.10165006915305725%3Atl_objid.10165006915305725%3Acontent_owner_id_new.153080620724%3Athrowback_story_fbid.10165006915305725%3Apage_id.153080620724%3Astory_location.4%3Astory_attachment_style.share%3Atds_flgs.3%3Apage_insights.%7B%22153080620724%22%3A%7B%22page_id%22%3A153080620724%2C%22page_id_type%22%3A%22page%22%2C%22actor_id%22%3A153080620724%2C%22dm%22%3A%7B%22isShare%22%3A1%2C%22originalPostOwnerID%22%3A0%7D%2C%22psn%22%3A%22EntStatusCreationStory%22%2C%22post_context%22%3A%7B%22object_fbtype%22%3A266%2C%22publish_time%22%3A1593646584%2C%22story_name%22%3A%22EntStatusCreationStory%22%2C%22story_fbid%22%3A%5B10165006915305725%5D%7D%2C%22role%22%3A1%2C%22sl%22%3A4%2C%22targets%22%3A%5B%7B%22actor_id%22%3A153080620724%2C%22page_id%22%3A153080620724%2C%22post_id%22%3A10165006915305725%2C%22role%22%3A1%2C%22share_id%22%3A0%7D%5D%7D%7D%3Athid.153080620724%3A306061129499414%3A2%3A0%3A1596265199%3A-6162131872225527730&__tn__=%2AW-R#footer_action_list,[],,[]
5,/story.php?story_fbid=10165004991420725&id=153080620724&refid=17&_ft_=mf_story_key.10165004991420725%3Atop_level_post_id.10165004991420725%3Atl_objid.10165004991420725%3Acontent_owner_id_new.153080620724%3Athrowback_story_fbid.10165004991420725%3Apage_id.153080620724%3Astory_location.4%3Atds_flgs.3%3Apage_insights.%7B%22153080620724%22%3A%7B%22page_id%22%3A153080620724%2C%22page_id_type%22%3A%22page%22%2C%22actor_id%22%3A153080620724%2C%22dm%22%3A%7B%22isShare%22%3A0%2C%22originalPostOwnerID%22%3A0%7D%2C%22psn%22%3A%22EntStatusCreationStory%22%2C%22post_context%22%3A%7B%22object_fbtype%22%3A266%2C%22publish_time%22%3A1593626442%2C%22story_name%22%3A%22EntStatusCreationStory%22%2C%22story_fbid%22%3A%5B10165004991420725%5D%7D%2C%22role%22%3A1%2C%22sl%22%3A4%2C%22targets%22%3A%5B%7B%22actor_id%22%3A153080620724%2C%22page_id%22%3A153080620724%2C%22post_id%22%3A10165004991420725%2C%22role%22%3A1%2C%22share_id%22%3A0%7D%5D%7D%7D%3Athid.153080620724%3A306061129499414%3A2%3A0%3A1596265199%3A3101842819030016333&__tn__=%2AW-R#footer_action_list,[],,[]
6,/story.php?story_fbid=10165001899830725&id=153080620724&refid=17&_ft_=mf_story_key.10165001899830725%3Atop_level_post_id.10165001899830725%3Atl_objid.10165001899830725%3Acontent_owner_id_new.153080620724%3Athrowback_story_fbid.10165001899830725%3Apage_id.153080620724%3Astory_location.4%3Atds_flgs.3%3Apage_insights.%7B%22153080620724%22%3A%7B%22page_id%22%3A153080620724%2C%22page_id_type%22%3A%22page%22%2C%22actor_id%22%3A153080620724%2C%22dm%22%3A%7B%22isShare%22%3A0%2C%22originalPostOwnerID%22%3A0%7D%2C%22psn%22%3A%22EntStatusCreationStory%22%2C%22post_context%22%3A%7B%22object_fbtype%22%3A266%2C%22publish_time%22%3A1593611434%2C%22story_name%22%3A%22EntStatusCreationStory%22%2C%22story_fbid%22%3A%5B10165001899830725%5D%7D%2C%22role%22%3A1%2C%22sl%22%3A4%2C%22targets%22%3A%5B%7B%22actor_id%22%3A153080620724%2C%22page_id%22%3A153080620724%2C%22post_id%22%3A10165001899830725%2C%22role%22%3A1%2C%22share_id%22%3A0%7D%5D%7D%7D%3Athid.153080620724%3A306061129499414%3A2%3A0%3A1596265199%3A-4038881062192427442&__tn__=%2AW-R#footer_action_list,[],,[]
7,/story.php?story_fbid=10165001606305725&id=153080620724&refid=17&_ft_=mf_story_key.10165001606305725%3Atop_level_post_id.10165001606305725%3Atl_objid.10165001606305725%3Acontent_owner_id_new.153080620724%3Athrowback_story_fbid.10165001606305725%3Apage_id.153080620724%3Astory_location.4%3Atds_flgs.3%3Apage_insights.%7B%22153080620724%22%3A%7B%22page_id%22%3A153080620724%2C%22page_id_type%22%3A%22page%22%2C%22actor_id%22%3A153080620724%2C%22dm%22%3A%7B%22isShare%22%3A0%2C%22originalPostOwnerID%22%3A0%7D%2C%22psn%22%3A%22EntStatusCreationStory%22%2C%22post_context%22%3A%7B%22object_fbtype%22%3A266%2C%22publish_time%22%3A1593607957%2C%22story_name%22%3A%22EntStatusCreationStory%22%2C%22story_fbid%22%3A%5B10165001606305725%5D%7D%2C%22role%22%3A1%2C%22sl%22%3A4%2C%22targets%22%3A%5B%7B%22actor_id%22%3A153080620724%2C%22page_id%22%3A153080620724%2C%22post_id%22%3A10165001606305725%2C%22role%22%3A1%2C%22share_id%22%3A0%7D%5D%7D%7D%3Athid.153080620724%3A306061129499414%3A2%3A0%3A1596265199%3A6502192042624094255&__tn__=%2AW-R#footer_action_list,[],,"[{'text': ['It was hilarious. He represents the Democrat party perfectly! ', 'ü•¥'], 'profile_name': 'Alicia Nielsen', 'profile_url': '/alicia.nielsen.94'}, {'text': ['It‚Äôs all corrupt. They are literally creating their own narrative. Everything scripted. Everything ‚Äúperfect‚Äù. Those of us who are paying attention see it. God will win in the end.'], 'profile_name': 'Blake Hickey', 'profile_url': '/blake.hickey.14'}, {'text': ['That press conference was a sham.  It was obvious he knew the questions ahead of time.  Biden is very low energy and frail.  Trump2020'], 'profile_name': 'Dar Garcia', 'profile_url': '/profile.php'}, {'text': ['He will be given questions at the three debates'], 'profile_name': 'Gail M. Fuller', 'profile_url': '/gail.m.fuller.7'}, {'text': ['This was the only way he could answer the questions is to get them ahead of time!'], 'profile_name': 'Lois Petelinkar', 'profile_url': '/lois.petelinkar'}, {'text': [""You've got my vote!! Thank you for being a great leader""], 'profile_name': 'Jenn Fah Fah', 'profile_url': '/jenfahfah'}, {'text': ['You would have performed dismally.'], 'profile_name': 'Philip Nyamai', 'profile_url': '/philip.nyamai.3'}, {'text': ['Well that‚Äôs because they didn‚Äôt want him to tell the world he was going to beat ‚ÄúDonald Reagan again‚Äù ', 'ü§£', 'ü§£', 'ü§£'], 'profile_name': 'Erin Rachelle', 'profile_url': '/profile.php'}, {'text': ['We have gotten an increase in our social security each year President Trump has been in office. During the Obama Biden Administration we did not get an increase in our social security each year. This information needs to become widespread.'], 'profile_name': 'Claudia Bourgeois', 'profile_url': '/profile.php'}, {'text': ['He said he was given a list of whom to take questions from and in what order with their pre-given questions to ask.', ' Baby Boy Biden mentioned twice he was going to be in trouble!', ' This man is being exploited and it is incredibly sad! Where the hell is his family who should step in and rescue him to spend the time he has left with dignity!!!!!'], 'profile_name': 'Marti McConnell', 'profile_url': '/marti.kurthminer'}, {'text': [""It's sort of sad really.   I believe the establishment has forced all of this on him and he truly is no longer capable of doing it.   They're in a tough spot for sure.""], 'profile_name': 'Harry Windsor', 'profile_url': '/HarryLeeWindsor'}, {'text': ['It‚Äôs sad his family is letting him run for office. Very obvious he was reading his answers!'], 'profile_name': 'Susan Thompson', 'profile_url': '/profile.php'}, {'text': ['It was terrible. Calling on reporters like they were 4th grade students asking a guest speaker planned 1st grade questions. Unbelievable what extremes they will resort to - actually is unconscionable -this is very sad for Joe Biden and his family.'], 'profile_name': 'Shari Ann', 'profile_url': '/shacapp'}, {'text': ['If he has been tested for cognitive decline, then what were the results?  And if he gets tested regularly, then why?   Great debate question '], 'profile_name': 'Matt Reynolds', 'profile_url': '/financialmattrs'}, {'text': ['Actually as I watched he appeared to look down on his paper on the podium while he was answering the questions. He also read from his paper the name of the person who was next. Made me wonder if he knew what the reporters would ask ahead of the press conference.'], 'profile_name': 'Beverly Stevens', 'profile_url': '/beverly.stevens.96592'}, {'text': ['Well he can not answer them on his own. His wife probably writes the answers for him! This should make everyone feel safe ', 'üòÇ'], 'profile_name': 'Cheryl Scully-Cappello', 'profile_url': '/cheryl.scullycappello'}, {'text': ['He can‚Äôt remember his name let alone answers to questions of course they have to give him the answers he‚Äôs their puppet.'], 'profile_name': 'Sarah Southern', 'profile_url': '/sarah.southern.58'}, {'text': ['You know that he WILL NOT be showing for the debates. I am going to guess here that he will have contracted covid and Will not be able to hold them due to him being temporarily being sick AND of course forcing the necessity of a mandated vaccine produced by Glaxo where Gates sold his covid patent.'], 'profile_name': 'Elaine Landry', 'profile_url': '/elaine.landry.378'}, {'text': ['I feel sorry for the guy (Biden)His brain is deteriorating and no one is stopping him!!He definitely has dementia!!'], 'profile_name': 'Miguel Nave', 'profile_url': '/miguel.nave.50'}, {'text': ['Absolutely, I watched it too and Biden knew exactly what questions were coming. ', ' I cannot believe people will vote for this man. He‚Äôs hopeless. '], 'profile_name': 'Gary Williams', 'profile_url': '/profile.php'}]"
8,/story.php?story_fbid=10165001363495725&id=153080620724&refid=17&_ft_=mf_story_key.10165001363495725%3Atop_level_post_id.10165001363495725%3Atl_objid.10165001363495725%3Acontent_owner_id_new.153080620724%3Athrowback_story_fbid.10165001363495725%3Apage_id.153080620724%3Astory_location.4%3Atds_flgs.3%3Apage_insights.%7B%22153080620724%22%3A%7B%22page_id%22%3A153080620724%2C%22page_id_type%22%3A%22page%22%2C%22actor_id%22%3A153080620724%2C%22dm%22%3A%7B%22isShare%22%3A0%2C%22originalPostOwnerID%22%3A0%7D%2C%22psn%22%3A%22EntStatusCreationStory%22%2C%22post_context%22%3A%7B%22object_fbtype%22%3A266%2C%22publish_time%22%3A1593606206%2C%22story_name%22%3A%22EntStatusCreationStory%22%2C%22story_fbid%22%3A%5B10165001363495725%5D%7D%2C%22role%22%3A1%2C%22sl%22%3A4%2C%22targets%22%3A%5B%7B%22actor_id%22%3A153080620724%2C%22page_id%22%3A153080620724%2C%22post_id%22%3A10165001363495725%2C%22role%22%3A1%2C%22share_id%22%3A0%7D%5D%7D%7D%3Athid.153080620724%3A306061129499414%3A2%3A0%3A1596265199%3A2486491177977408576&__tn__=%2AW-R#footer_action_list,[],,"[{'text': ['Yes I do, but at the expense of many problems. Sucks that politics causes problems instead of fixing. And we pay for this', 'üò£'], 'profile_name': 'Shawna Hall', 'profile_url': '/shawna.hall.735'}, {'text': ['We know how you love this country & defend her!!  There is no way we can believe you would know about this threat and not act on it!!!  Praying for you, Mr President.  Stay strong!'], 'profile_name': 'Stephanie Freeman', 'profile_url': '/stephanie.freeman.56232'}, {'text': ['God Bless America! And God Bless you for all the crap you have been thru at the hands of corrupt media and Washington. You are truly for the people.'], 'profile_name': 'Trisha Ewalt', 'profile_url': '/profile.php'}, {'text': [""I believe you. I have trust in you. You are the best president that we have had that I can remember. You are there for us the people. You know what's going on, you're trying to take care of it and they're trying to stop you. We all need to share as much on as we can, bombard the internet and get this to the people especially those in the Democratic states.""], 'profile_name': 'Cindra Chaisson', 'profile_url': '/profile.php'}, {'text': ['We know it‚Äôs all part of the Great Hoax and Coup.  And we‚Äôre sick of it.  Trump 2020!'], 'profile_name': 'Vonnie Sprow', 'profile_url': '/vonnie.sprow'}, {'text': ['Most of us (Republicans) know they will make up anything to try & hurt you!!  Prayers for you as you lead this great country!!!', '‚ù§Ô∏è', 'üôè'], 'profile_name': 'Bonnie Sue McWhorter', 'profile_url': '/bonnie.s.mcwhorter'}, {'text': ['The one problem you have is you have some corrupt Republicans that do not want you to find them  out that is where you have a deterrent in the things you would like to get resolved you just need to stand your ground and pray for Gods will to  be done not theirs  or yours God is more powerful than any devil who gets in your way. Surrender to God your trust and he will move mountains. In Jesus name Amen'], 'profile_name': 'Juanita Chamorro', 'profile_url': '/juanita.chamorro.507'}, {'text': [""I believe you! I have seen enough of the trouble the democrats have been trying to cause to know I shouldn't believe ANYTHING they say anymore!""], 'profile_name': 'Mary Proctor', 'profile_url': '/mary.segersproctor'}, {'text': ['Where is their source of protection coming from?  Slander should not be protected by 1st amendment.  '], 'profile_name': 'Jacinda McCarty', 'profile_url': '/cindy.mccartyhicks'}, {'text': ['I Believe you Mr. President.  I AM TIRED of the constant questioning, disrespect an down right hatred shown by the Democratic party..  have a blessed day.'], 'profile_name': 'Karen Skillman', 'profile_url': '/karen.skillman.18'}, {'text': [""People better wake up! some of us knew this the day Donald Trump took the the oath as our president and leader! he is our country's Saviour, without him where would we be? We better stand as one nation under God and look at these Outsiders, these Intruders, antifa the Liberals and their agenda with Nancy Pelosi, George Soros, this has been coming on for many years. President Trump is their biggest , they want to get Joe Biden in office because he is nothing but a puppet, and they can easily do exactly as they want. at that point in our country will be lost and not just temporarily, but 40 years at least, it will probably be the end of our world as we know it think about your kids your grandkids people wake up it's time we've got to take our country back while we have a leader that's willing to go to bat for us. He's just put everything aside for our country! my God people wake-up!""], 'profile_name': 'Cindy Lynch', 'profile_url': '/cindy.lynch.31'}, {'text': ['President Trump, surely you must understand that in being successful at the level you have achieved, you have spawned a multitude of hateful, jealous people who only want to see you fail. This is the reason why they would rather see Sleepy Joe in the White House. Hate, nothing more. Stay vigilant, and please, KEEP AMERICA GREAT!! TRUMP 2020', 'üá∫üá∏', 'üá∫üá∏', 'üá∫üá∏', 'üá∫üá∏', 'üá∫üá∏'], 'profile_name': 'Andrew Stringer', 'profile_url': '/andrew.stringer3'}, {'text': ['Focus on the Virus falsification of tracing reports! Protesters are positive and told to lie on reports. Small businesses are suffering with new shutdowns!  It is not the bars!'], 'profile_name': 'Lori Becht Lenoble', 'profile_url': '/lori.lenoble'}, {'text': ['No, they do not understand, Mr. President. They are stupid because they listen to CNN, MSNBC, and other Fake News media. You can give them proof (statements from the Pentagon, intel officials, etc), and they will still say something asinine. You cannot help people that want to be dumb! '], 'profile_name': 'Tonya Vetter', 'profile_url': '/tonyamoderngal'}, {'text': ['I understand that the Dem narrative was going awry, what with protest, riots and statues toppling, so they had to introduce fake Russian Hoax 2.0 to divert attention from their party‚Äôs failures to Trump. Anyone with common sense can figure this out. '], 'profile_name': 'Debbe Yepsen Wallace', 'profile_url': '/debbe.yepsenwallace'}, {'text': ['""I was never briefed about it... but it\'s also a lie!""'], 'profile_name': 'Nigel Whitebread', 'profile_url': '/Nigel.Whitebread'}, {'text': [""Sounds like Shifty Schiff move.... Again with the leaking intelligence info that hasn't even been verified.... "", 'üôÑ'], 'profile_name': 'Christie Stuver', 'profile_url': '/christie.stuver'}, {'text': ['The Republican Party announced yesterday this is all on you. They said their name is Minute and they ain‚Äôt in it. You going to prison all alone Donny and during a pandemic. ', 'üòÇ', ' '], 'profile_name': 'Shauna Mack', 'profile_url': '/shonna.mcdaniel.7'}, {'text': ['The Former host of the Apprentice refuses to read.  He revels in his ignorance and certitude in all things. He is lazy and inept. We have 125,000 dead Americans, a shattered economy and murdered American soldiers because of it. He is truly detestable.', ' ', ' The Presidential Daily Briefing is literally a written briefing. The fact that Trump doesn‚Äôt read it doesn‚Äôt make it not a briefing.', ' ', ' .'], 'profile_name': 'Roger Amick', 'profile_url': '/roger.amick'}, {'text': ['What I do know is that you are doing a great job. That seems to threaten the ‚Äúcorrupt‚Äù ones so badly, they are becoming desperate. Disparity breeds evil! Praying for you to stay strong Mr. President. The ‚Äúother‚Äù White House supports you', 'üôè', 'üôè', 'üôè'], 'profile_name': 'Linda White', 'profile_url': '/profile.php'}]"
9,/story.php?story_fbid=10165001358040725&id=153080620724&refid=17&_ft_=mf_story_key.10165001358040725%3Atop_level_post_id.10165001358040725%3Atl_objid.10165001358040725%3Acontent_owner_id_new.153080620724%3Athrowback_story_fbid.10165001358040725%3Apage_id.153080620724%3Astory_location.4%3Atds_flgs.3%3Apage_insights.%7B%22153080620724%22%3A%7B%22page_id%22%3A153080620724%2C%22page_id_type%22%3A%22page%22%2C%22actor_id%22%3A153080620724%2C%22dm%22%3A%7B%22isShare%22%3A0%2C%22originalPostOwnerID%22%3A0%7D%2C%22psn%22%3A%22EntStatusCreationStory%22%2C%22post_context%22%3A%7B%22object_fbtype%22%3A266%2C%22publish_time%22%3A1593606173%2C%22story_name%22%3A%22EntStatusCreationStory%22%2C%22story_fbid%22%3A%5B10165001358040725%5D%7D%2C%22role%22%3A1%2C%22sl%22%3A4%2C%22targets%22%3A%5B%7B%22actor_id%22%3A153080620724%2C%22page_id%22%3A153080620724%2C%22post_id%22%3A10165001358040725%2C%22role%22%3A1%2C%22share_id%22%3A0%7D%5D%7D%7D%3Athid.153080620724%3A306061129499414%3A2%3A0%3A1596265199%3A-6119661147266429288&__tn__=%2AW-R#footer_action_list,[],,"[{'text': ['Please keep seeking God‚Äôs will for our nation and we will pray for you for safety, wisdom and opportunities to bring the nation together and calm back to our cities.'], 'profile_name': 'Mary Ann Vanstrum', 'profile_url': '/mary.vanstrum'}, {'text': ['It all comes to ur pocketbook when you vote ...2020 thank you for bringing our economy  back ...8 years of nothing hurts us ...'], 'profile_name': 'Miriam Meilak', 'profile_url': '/miriam.meilak'}, {'text': [""It's not record growth when in reality it was just people going back to work that had been laid off. These weren't new jobs being created.""], 'profile_name': 'Ryan Davies', 'profile_url': '/ryan.davies.12327'}, {'text': [""Who's working? Our economy will be at a standstill again in fall and you've done nothing.. won't even wear a damn mask.. ""], 'profile_name': 'JoAnne Gallop', 'profile_url': '/joa.gallop.3'}, {'text': ['They want to keep the sheep in fear by keeping businesses closed so the economy doesnt skyrocket any more than it already has'], 'profile_name': 'Julie Adams', 'profile_url': '/julie.adams.543'}, {'text': ['The fact that Democrats would rather let a person with alzheimers be their champion than Bernie (anti-communist', ') shows all there is to be known about where their true loyalties lie.'], 'profile_name': 'David Lim', 'profile_url': '/DavidLim.RE'}, {'text': ['We only had a record growth because of an extreme low. I‚Äôm not proud when thousands of people are still dying, and you don‚Äôt seem to care.'], 'profile_name': 'Rose Jordan', 'profile_url': '/Rororose1998'}, {'text': ['We will, because you will be running out country for the next 4 years.'], 'profile_name': 'Susan Gambini', 'profile_url': '/susan.gambini'}, {'text': [""I have it on High Authority that there's No such thing as the Democratic Party Anymore!""], 'profile_name': 'Allen Ehrlich', 'profile_url': '/allen.ehrlich.3'}, {'text': ['Haha. So is he taking credit for people going back to work after his in action has caused the worst outbreak since 1900? I can‚Äôt wait for corporate America to start paying their fair share instead of the wallets of the middle class. '], 'profile_name': 'Drew Robert', 'profile_url': '/DrewFenstra'}, {'text': ['Paycheck protection is up. Companies are retaliating the people taking fmla and terminating them for it. Unemployment rates will rocket. Happened to me. Everyone that took leave was let go.'], 'profile_name': 'Chris Holt', 'profile_url': '/chris.holt.37'}, {'text': ['What are you talking about, what growth?  The economy is contracting, going negative. The only growth is the number of lies Trump tells. '], 'profile_name': 'Dan Yates', 'profile_url': '/dan.yates.33'}, {'text': ['45 million people without jobs from a crisis cause by Trump‚Äôs incompetence. SAD. '], 'profile_name': 'Michael Pearson', 'profile_url': '/michael.pearson.5836'}, {'text': ['Still not worried about our soldiers wake up please you‚Äôre more worried about the economy than our soldiers.'], 'profile_name': 'Arthur Lagasse', 'profile_url': '/arthur.lagasse.7'}, {'text': ['Can we discuss the trillions lost under your presidency... even my toddler admits fault more than a grown man...'], 'profile_name': 'Amanda Douglas Grant', 'profile_url': '/amanda.d.grant'}, {'text': [""You have a lot of catching up to do. After Obama's first term the stock market rose 71%. You have 7 months to go, and the stock market has only increased 30%.""], 'profile_name': 'Timothy Mueller', 'profile_url': '/timothy.mueller.18'}, {'text': ['MAKE AMERICA GREAT AGAIN!'], 'profile_name': 'Ahmed Mohammed Nagi', 'profile_url': '/profile.php'}, {'text': ['2021, there is no where but, up after you are gone.'], 'profile_name': 'Janette St Charles', 'profile_url': '/janettestcharles'}, {'text': ['When everything is closed and then it reopens it stands to reason. No great accomplishment.', ' '], 'profile_name': 'Tim Cottingim', 'profile_url': '/tim.cottingim.5'}, {'text': ['You should put up bill boards with these boys of information. People unfortunately need it right where they can see it every day.'], 'profile_name': 'Francine Nosse', 'profile_url': '/francine.nosse.5'}]"
10,/story.php?story_fbid=10165001355980725&id=153080620724&refid=17&_ft_=mf_story_key.10165001355980725%3Atop_level_post_id.10165001355980725%3Atl_objid.10165001355980725%3Acontent_owner_id_new.153080620724%3Athrowback_story_fbid.10165001355980725%3Apage_id.153080620724%3Astory_location.4%3Atds_flgs.3%3Apage_insights.%7B%22153080620724%22%3A%7B%22page_id%22%3A153080620724%2C%22page_id_type%22%3A%22page%22%2C%22actor_id%22%3A153080620724%2C%22dm%22%3A%7B%22isShare%22%3A0%2C%22originalPostOwnerID%22%3A0%7D%2C%22psn%22%3A%22EntStatusCreationStory%22%2C%22post_context%22%3A%7B%22object_fbtype%22%3A266%2C%22publish_time%22%3A1593606160%2C%22story_name%22%3A%22EntStatusCreationStory%22%2C%22story_fbid%22%3A%5B10165001355980725%5D%7D%2C%22role%22%3A1%2C%22sl%22%3A4%2C%22targets%22%3A%5B%7B%22actor_id%22%3A153080620724%2C%22page_id%22%3A153080620724%2C%22post_id%22%3A10165001355980725%2C%22role%22%3A1%2C%22share_id%22%3A0%7D%5D%7D%7D%3Athid.153080620724%3A306061129499414%3A2%3A0%3A1596265199%3A-5618134742143354396&__tn__=%2AW-R#footer_action_list,[],,"[{'text': ['Good this destruction is costing millions of dollars that they are going to expect us tax payers to pay,'], 'profile_name': 'Dia Nee', 'profile_url': '/diane.paternostrobalsamo'}, {'text': ['How about  a hefty fine on Govenors who allowed it to happen, not letting police do their job!'], 'profile_name': 'Norene K. Daniels', 'profile_url': '/norene.jacobsdaniels'}, {'text': ['All arrested should be on clean monument duty for their jail time ....  Make them clean it up!! Taxes are paying for their meals and housing make those assh@les scrub  them clean....!!!'], 'profile_name': 'Debra Archer-McCalley', 'profile_url': '/debra.debarros'}, {'text': ['Shouldn‚Äôt mayors and governors be charged under the law 18 U.S.C. ¬ß 2? Clearly they are guilty of aiding, abetting, counseling, and commanding these riots!'], 'profile_name': 'Scott M. Maffei', 'profile_url': '/scott.maffei'}, {'text': ['Thank You, Mr. President.   We have to get Law and Order and mostly TRUST back into this Country! I am glad to see you are in office to do this! A Man of His Word! God Bless, And May God Bless our Country and His People.'], 'profile_name': 'Judy Culich', 'profile_url': '/jculich'}, {'text': [""There aren't going to be any left to protect since they are all being taken down!""], 'profile_name': 'Amber Neace Hamm', 'profile_url': '/amber.neacehamm'}, {'text': ['Awesome! ', 'üëç', 'These monuments should not be destroyed or touched. They are apart of our history.'], 'profile_name': 'Carlos Ferrer', 'profile_url': '/carlos.ferrer.92'}, {'text': ['Mr President, your doing a great job! I known a lot of democrats that will be voting for you and they are silent to others about it, part of the great silent majority. Michigan '], 'profile_name': 'Edward Okonkowski', 'profile_url': '/edward.okonkowski'}, {'text': ['Democrats in these cities need held accountable if the sentence is not passed'], 'profile_name': 'Steven Short', 'profile_url': '/steven.short.395'}, {'text': ['Please set up psychiatric facilities near all statues and monuments so we can examine these young clueless minds and figure out what went wrong.   SWP '], 'profile_name': 'Victor Ca', 'profile_url': '/victor.campione.1'}, {'text': ['Cities are now removing them instead of the protesters. These cities should be held accountable too! '], 'profile_name': 'Denise H. Mancini', 'profile_url': '/denise.h.mancini'}, {'text': ['Thank you. Now can you protect police officers, override what some of these cities are doing to them? I know you have a lot to do and your doing an awesome job. Thank you '], 'profile_name': 'Marilynn Buchholz', 'profile_url': '/marilynn.buchholz.1'}, {'text': ['The judges need to uphold this and not release them as so many do.'], 'profile_name': 'Rose Kuykendall', 'profile_url': '/rose.kuykendall'}, {'text': ['I feel the people who are arrested for this crime their pictures names and where they committed and are from should be posted.'], 'profile_name': 'Scott Jones', 'profile_url': '/profile.php'}, {'text': ['Now do something about governors removing statues erected through public funding, but then not allowing any public input/vote on whether statues in their states should be removed. '], 'profile_name': 'Nellie Kimler', 'profile_url': '/nellie.kimler'}, {'text': ['Great job!!! Next send the troops! Why are we allowing them to do all this destruction?? Time to send in the Troops already! Let‚Äôs take back America!!! '], 'profile_name': 'Rachelle Bolling', 'profile_url': '/rachellebolling'}, {'text': ['This was never about black lives matter ! It is about our civil liberties and destroying America from within !!! And our Christian faith ', 'üòû'], 'profile_name': 'Helen Kay Ouber', 'profile_url': '/helen.ouber'}, {'text': ['Please issue the Law & Order for the Safety of the Citizens who are being attacked in their Cars and on the Streets and Homes. Our Lives are more Sacrid than a Statue. I do understand the destruction of the Statues as well.'], 'profile_name': 'Becky Kelly Cooper', 'profile_url': '/becky.k.cooper.3'}, {'text': ['Please do something about the defunding of police departments. Please send in help to all the cities that have put our citizens in harms way.  '], 'profile_name': 'JoAnn Maggiore-Cuchel', 'profile_url': '/joann.maggiorecuchel'}, {'text': ['Doesn‚Äôt matter. The majority of these crimes are happening in democratically run cities. If they get charged or sentenced at all it will most likely be 24 hours of community service. No way a liberal judge is passing a 10 year sentence on a Trump executive order.'], 'profile_name': 'Matt Driver', 'profile_url': '/matt.driver.980'}]"
11,/story.php?story_fbid=10165001353765725&id=153080620724&refid=17&_ft_=mf_story_key.10165001353765725%3Atop_level_post_id.10165001353765725%3Atl_objid.10165001353765725%3Acontent_owner_id_new.153080620724%3Athrowback_story_fbid.10165001353765725%3Apage_id.153080620724%3Astory_location.4%3Atds_flgs.3%3Apage_insights.%7B%22153080620724%22%3A%7B%22page_id%22%3A153080620724%2C%22page_id_type%22%3A%22page%22%2C%22actor_id%22%3A153080620724%2C%22dm%22%3A%7B%22isShare%22%3A0%2C%22originalPostOwnerID%22%3A0%7D%2C%22psn%22%3A%22EntStatusCreationStory%22%2C%22post_context%22%3A%7B%22object_fbtype%22%3A266%2C%22publish_time%22%3A1593606146%2C%22story_name%22%3A%22EntStatusCreationStory%22%2C%22story_fbid%22%3A%5B10165001353765725%5D%7D%2C%22role%22%3A1%2C%22sl%22%3A4%2C%22targets%22%3A%5B%7B%22actor_id%22%3A153080620724%2C%22page_id%22%3A153080620724%2C%22post_id%22%3A10165001353765725%2C%22role%22%3A1%2C%22share_id%22%3A0%7D%5D%7D%7D%3Athid.153080620724%3A306061129499414%3A2%3A0%3A1596265199%3A-1338381279937210195&__tn__=%2AW-R#footer_action_list,[],,"[{'text': [""How can the media get away with such lies,why aren't they made accountable to get their stories right before they report, because it has caused so much damage and after all the damage then the truth comes out,it has got to stop""], 'profile_name': 'Connie Schutz', 'profile_url': '/connie.schutz.501'}, {'text': ['They are running scared now... few months before the election... I‚Äôm sure it won‚Äôt be the only story coming out against you!'], 'profile_name': 'Lisa Stroehlein Josephson', 'profile_url': '/lisa.s.josephson'}, {'text': ['It just won‚Äôt stop! There gasping for air! Dems going down. Drain all of them SwampAss‚Äôs! '], 'profile_name': 'Maria Gentile', 'profile_url': '/mtiny01'}, {'text': ['Everyone is waiting for the next catastrophe the Democrats are cooking up to help derail your credibility.  It‚Äôs only a matter of time. God only knows what it will be next.  It never stops. Never anything to help the people but just for their own greedy hunger for power and money. '], 'profile_name': 'Mark Bajada', 'profile_url': '/mark.bajada.7'}, {'text': ['Yet several countries are concurring with the reports. Why if it made its way in your daily briefing did you not inquire or ask any questions? Seems to be a subject worth asking at least one question. '], 'profile_name': 'Amy Dodd Lyons', 'profile_url': '/amydoddlyons'}, {'text': ['The NY times reporter who published this can be charged with a Federal crime if he is falsifying intelligence without a source.'], 'profile_name': 'Allan Le', 'profile_url': '/Allan.R.L'}, {'text': [""There is no need to defend. They are falling apart in NY and like a drug addict can't get out of their own way. Drain the swamp?""], 'profile_name': 'Mj Amos', 'profile_url': '/monica.love.5680'}, {'text': ['Just like the Whistleblower during the Impeachment! There was none. Same here it‚Äôs all a DEFLECTION. For them to have us all focused on some BS so we don‚Äôt see what‚Äôs going around behind the doors with the Dems! Covid is yet another deflection yet many believe it! Yes there a virus-BUT NOT as wildfire as they are pushing. Deflection is the Dems agenda as they destroy America and make it Communist!'], 'profile_name': 'Briana Romasanta', 'profile_url': '/briana.romasanta'}, {'text': ['So, how are you using the word HOAX today? Let‚Äôs get this clear right up front so we don‚Äôt have to listen to your whiny spokesmodel, later in the day, explain what you really meant. '], 'profile_name': 'Alan Liddell', 'profile_url': '/alan.liddell.3'}, {'text': ['NYC is now nothing but a joke, their police officers should offer their services in other cities and leave there. '], 'profile_name': 'Judy Tokar', 'profile_url': '/judy.tokar'}, {'text': [""Wow...you care so little about American military that you don't  believe the intelligence..."", ""it REALLY is all about you!!! Don't ever salute another member of the military. Not even going to investigate the stories?""], 'profile_name': 'Rose McMullin Brock', 'profile_url': '/rose.brock.7'}, {'text': ['What?!?! You acknowledged that it was in your briefing papers (that you chose not to read), but now it‚Äôs ‚Äúfake?‚Äù ', ' Sounds more like Bolton is right; you‚Äôd rather talk than listen.'], 'profile_name': 'Glen P. Olsen', 'profile_url': '/glen.p.olsen'}, {'text': ['That story is a liberal  made up crap story not even gonna listen!!! Stay strong and Mr President your tone', '  And demeanor lately when you speak is getting rave reviews !'], 'profile_name': 'Kitty Nicks', 'profile_url': '/kitty.nicks'}, {'text': ['Thank you Mr President! Please stay strong and know we have your back through all of this. The enemies have manufactured many issues but they are showing their true colors.'], 'profile_name': 'Eva Mendez', 'profile_url': '/aloha.21.19'}, {'text': ['Mr. President, I know you don‚Äôt have to do this.  A lesser man would have already quit.  I truly believe God put you in office because you are the ONLY man that has the mental fortitude and love of justice and country to stick with us. Please help us.  Without you our country and our way of life is gone forever.  My 83 year old father deserves better, my daughters deserve better, we ALL deserve better.  America deserves you.  ', ' ', '#', 'Trump2020', ' ', '#', 'KAG', ' ', '#', 'AllLivesMatter'], 'profile_name': 'Sandy Phillips', 'profile_url': '/sandyphillips.0802'}, {'text': ['Oh so you trying to be impeached again and/or go to prison. Why won‚Äôt your advisor or lawyer tell you to just STFU?! You always lead with the lie. I think you‚Äôd better to tell the truth on this one Donny or plead the 5th. But prison is the best choice for you. keep talking ', 'üëÇüèæ'], 'profile_name': 'Shauna Mack', 'profile_url': '/shonna.mcdaniel.7'}, {'text': ['Russia, China, Iran, N Korea have been putting bounties on Americans for a long time. The secret source is Shitty Schiff '], 'profile_name': 'Johnny Giovingo', 'profile_url': '/johnny.giovingo.9'}, {'text': ['Only crazy liberals would believe these rediculous stories put out by the Media.'], 'profile_name': 'Sherry Lehmann', 'profile_url': '/sherry.lehmann'}, {'text': ['The New York Times has Committed Treason and should be held accountable! ', '#', 'newyorktimes'], 'profile_name': 'Greg Grycner', 'profile_url': '/greggrycner'}, {'text': ['Perhaps show up for security meetings and listen,you have firing most of them,to protect your back door deal with Putin,This deserves a full independent investigation.'], 'profile_name': 'Roy Pixley', 'profile_url': '/roy.pixley.79'}]"
12,/story.php?story_fbid=10165001348135725&id=153080620724&refid=17&_ft_=mf_story_key.10165001348135725%3Atop_level_post_id.10165001348135725%3Atl_objid.10165001348135725%3Acontent_owner_id_new.153080620724%3Athrowback_story_fbid.10165001348135725%3Apage_id.153080620724%3Astory_location.4%3Atds_flgs.3%3Apage_insights.%7B%22153080620724%22%3A%7B%22page_id%22%3A153080620724%2C%22page_id_type%22%3A%22page%22%2C%22actor_id%22%3A153080620724%2C%22dm%22%3A%7B%22isShare%22%3A0%2C%22originalPostOwnerID%22%3A0%7D%2C%22psn%22%3A%22EntStatusCreationStory%22%2C%22post_context%22%3A%7B%22object_fbtype%22%3A266%2C%22publish_time%22%3A1593606114%2C%22story_name%22%3A%22EntStatusCreationStory%22%2C%22story_fbid%22%3A%5B10165001348135725%5D%7D%2C%22role%22%3A1%2C%22sl%22%3A4%2C%22targets%22%3A%5B%7B%22actor_id%22%3A153080620724%2C%22page_id%22%3A153080620724%2C%22post_id%22%3A10165001348135725%2C%22role%22%3A1%2C%22share_id%22%3A0%7D%5D%7D%7D%3Athid.153080620724%3A306061129499414%3A2%3A0%3A1596265199%3A3054634349822427603&__tn__=%2AW-R#footer_action_list,[],,"[{'text': ['Thankful for you getting the news out to us on social media.  Hoping fox stays center right.  We can‚Äôt afford for them to slip ', '‚ò∫Ô∏è'], 'profile_name': 'Sandy Buske Kuntz', 'profile_url': '/sandy.b.kuntz'}, {'text': [""He really doesn't need it not really anyone in their right minds knows he has done a great job through it all and the media hasn't got much credibility.""], 'profile_name': 'Larry Box', 'profile_url': '/LarryRBox'}, {'text': ['MAKE AMERICA GREAT AGAIN!'], 'profile_name': 'Ahmed Mohammed Nagi', 'profile_url': '/profile.php'}, {'text': ['This is all that matters to this carnival barker. '], 'profile_name': 'Hal Bannasch', 'profile_url': '/profile.php'}, {'text': [""Very presidential of you! It's a good thing there's not much else going on in the country so you can focus on the important things, like cable news ratings!""], 'profile_name': 'Anthony Berte', 'profile_url': '/anthony.berte.39'}, {'text': ['OAN is the best! Fox has to many like Chris Wallace, Juan Williams & Neil Cavuto!'], 'profile_name': 'Judy Brown Holliman', 'profile_url': '/judy.holliman1954'}, {'text': ['Can you feel the pressure and the walls collapsing in on Donald Trump? I can feel it. He‚Äôs so transparent. What a little wuss.'], 'profile_name': 'Steve Welsh', 'profile_url': '/steve.welsh.73'}, {'text': ['I like watching Fox but what about the Russian bounty on American soldiers?'], 'profile_name': 'Ken Ladouceur', 'profile_url': '/ken.ladouceur.1'}, {'text': ['This is your big concern. We are going to hell and your worried about tv ratings.'], 'profile_name': ""Sally O'Brien"", 'profile_url': '/sally.obrien2'}, {'text': ['Don‚Äôt you have anything better to do?! Your country is hurting!  DO SOMETHING!!!'], 'profile_name': 'Tracy Dodds', 'profile_url': '/tracy.dodds.9'}, {'text': [""Why is Trump so worried about TV ratings.  Doesn't he realize he is no longer on reality TV ?!  Or does he still think he is?  If Trump gave as much attention to Corona virus as he does TV ratings,  the country may be in a better position!""], 'profile_name': 'Chad Delgado', 'profile_url': '/chad.delgado.3'}, {'text': ['When are you going to be as concerned about this country.. ratings are not going to fix your mess ', 'ü§°', 'üò°'], 'profile_name': 'Ruth Anne Coro', 'profile_url': '/racoro68'}, {'text': [""The country needs you to unite us and all you can do is talk about television ratings! I feel like I'm trapped in the movie Idiocracy sometimes. Can we please get a real candidate with education and morals in the Oval Office! I don't even care what party, just get me somebody with intelligence and compassion""], 'profile_name': 'Nicholas Scarinci', 'profile_url': '/nick.scarinci'}, {'text': [""As usual, you're more concerned with ratings and audience sizes. You seem to forget the country is  suffering greatly from pandemic in republican led states""], 'profile_name': 'T.J. Wilson', 'profile_url': '/TJWilson8'}, {'text': [""You disgust me. The Office is not about ratings. It's about leadership and you are unqualified. ""], 'profile_name': 'Nancy Youmans Bowen', 'profile_url': '/nancymbowen'}, {'text': ['Mr President I should start a drinking game and take a shot every time you say ""Disaster,"" or ""Total Disaster.""', 'üòÄ', 'üòÄ'], 'profile_name': 'James Smith', 'profile_url': '/james.smithjr.7'}, {'text': [""Ratings, that's all you care about, selling out Americans. Time for you to leave office and go back to tv where you belong. Leave leadership to people who are leaders, not reality tv stars like you. ""], 'profile_name': 'Andre Rebel Chiaradia', 'profile_url': '/andre.r.chiaradia'}, {'text': ['Dominated ? hahahaha  no, i wouldn‚Äôt call that tiny gap in ratings dominated. ', '  And how about you worry about a virus spreading like wildfire  instead of TV ratings ? You are an embarrassment to America. '], 'profile_name': 'Chris Matuszak', 'profile_url': '/chris.matuszak'}, {'text': ['Why don‚Äôt you worry about being the president of the United States during this pandemic and not about being re-elected? If you do a great job with this actions speak louder than words. '], 'profile_name': 'Abdirizack Abees', 'profile_url': '/qarandon'}, {'text': ['48,000 new daily cases of COVID and you are worried about ratings. Do your job and get this under control. You are the worst president in history '], 'profile_name': 'Melissa Niederman', 'profile_url': '/melissa.niederman'}]"
13,/story.php?story_fbid=10165001344175725&id=153080620724&refid=17&_ft_=mf_story_key.10165001344175725%3Atop_level_post_id.10165001344175725%3Atl_objid.10165001344175725%3Acontent_owner_id_new.153080620724%3Athrowback_story_fbid.10165001344175725%3Apage_id.153080620724%3Astory_location.4%3Atds_flgs.3%3Apage_insights.%7B%22153080620724%22%3A%7B%22page_id%22%3A153080620724%2C%22page_id_type%22%3A%22page%22%2C%22actor_id%22%3A153080620724%2C%22dm%22%3A%7B%22isShare%22%3A0%2C%22originalPostOwnerID%22%3A0%7D%2C%22psn%22%3A%22EntStatusCreationStory%22%2C%22post_context%22%3A%7B%22object_fbtype%22%3A266%2C%22publish_time%22%3A1593606081%2C%22story_name%22%3A%22EntStatusCreationStory%22%2C%22story_fbid%22%3A%5B10165001344175725%5D%7D%2C%22role%22%3A1%2C%22sl%22%3A4%2C%22targets%22%3A%5B%7B%22actor_id%22%3A153080620724%2C%22page_id%22%3A153080620724%2C%22post_id%22%3A10165001344175725%2C%22role%22%3A1%2C%22share_id%22%3A0%7D%5D%7D%7D%3Athid.153080620724%3A306061129499414%3A2%3A0%3A1596265199%3A171518121611838989&__tn__=%2AW-R#footer_action_list,[],,"[{'text': ['Is this the same Fox News that you\'re ""not happy with... at all"" as per last month, and is too ""politically correct all of a sudden"" for you now?'], 'profile_name': 'Adam Learmonth', 'profile_url': '/sheepofthesubconsciousrainforest'}, {'text': ['Thank You President Trump! Stay strong America stands behind your wonderful work you are doing! This world is crazy and the democrats are ruining our great country but....with you we will prevail and over come this enemy of the Democrat party!!! God Bless a You!! You got this!! '], 'profile_name': 'Vickie Armstrong', 'profile_url': '/vickie.armstrong.376'}, {'text': ['Donald J. Trump', ' With you all the way Sir President thank Yo for your service during these hard times see Bernie dropped out cause he leaves when the going gets tough but you kept on going thank you '], 'profile_name': 'Gale Young', 'profile_url': '/gale.young.585'}, {'text': [""Really !!! With everything going on .. you more concerned about tv rating .. do you think that's the most important thing atm""], 'profile_name': 'Marcus John Livermore', 'profile_url': '/marcus.livermore'}, {'text': [""You gotta stop with the name calling ... It's not helping u and u have an election to win ... Let the media drown itself ... Stay clear""], 'profile_name': 'Rodney Milton', 'profile_url': '/rodney.milton.92'}, {'text': ['Public self-congratula', 'tory behavior is so embarrassing. You‚Äôre the president of the US, how much more validation do you need from others, let alone from yourself? ', 'ü§¶üèΩ\u200d‚ôÇÔ∏è', ' '], 'profile_name': 'Felipe Longoria', 'profile_url': '/felipe.longoria'}, {'text': [""For someone who doesn't like the media you sure give them a lot of attention! Never knew watching the news was something high on the president's priority list!""], 'profile_name': 'Kimberly Mansfield', 'profile_url': '/THESWEETONE84'}, {'text': ['I would not be too concerned about network ratings and start worrying about reading your daily briefings '], 'profile_name': 'Joe Myers', 'profile_url': '/joe.myers.351'}, {'text': ['Why do you care about tv ratings????? We are in the middle of a pandemic!!!!! ', ' Oh wait.....', ' Ratings is all you care about.  '], 'profile_name': 'Ken Rittenhouse', 'profile_url': '/ken.rittenhouse'}, {'text': ['Perhaps the only dude who always thank himself on behalf of others through social media. Did anyone even really thank him? Just saying. Really, Who would say thank you to their own self? '], 'profile_name': 'Jeffrey Ngo', 'profile_url': '/jeffrey.ngo.zk'}, {'text': ['It‚Äôs too early for this, you should be worried about more important things!'], 'profile_name': 'Sylvia Crawford', 'profile_url': '/sylviacrawford.nails'}, {'text': ['And deflect and point elsewhere. The art of the con by little Don'], 'profile_name': 'Matt Kennedy', 'profile_url': '/matt.kennedy.5832'}, {'text': ['You are an amazing leader! Thank you for all you have sacrificed! You are appreciated!'], 'profile_name': 'Eva Mendez', 'profile_url': '/aloha.21.19'}, {'text': ['Hey Sir! So glad you are following TV ratings and not the pandemic! You are a brilliant and beautiful man!'], 'profile_name': 'Jason Eddie Nowak', 'profile_url': '/jasoneddie'}, {'text': ['I can‚Äôt believe that with all of the important things that need immediate attention, the president is fretting about television show ratings.'], 'profile_name': 'Alisa McClanahan', 'profile_url': '/alisa.arthur.7'}, {'text': ['The best time to delete this Facebook status was immediate after posting it, the second best time is now.'], 'profile_name': 'Max Andr√© Blomseth', 'profile_url': '/cheeseok'}, {'text': ['You know what is going up, COVID cases (and positivity rates and hospitalization', 's ‚Äî so outpacing testing).  Great to hear about Fox News ratings, happy that somehow you think this reflects on how you will do in the election. '], 'profile_name': 'Jay Takefman', 'profile_url': '/jay.takefman'}, {'text': ['Why don‚Äôt you worry about being the president of the United States during this pandemic and not about being re-elected? If you do a great job with this actions speak louder than words. '], 'profile_name': 'Matthew Sandiford', 'profile_url': '/matthew.sandiford.96'}, {'text': [""Rather than worrying about tv ratings, why don't you worry about leading the country through this pandemic?  You have disappeared. "", '#', 'priorities', ' ', '#', 'November3rd'], 'profile_name': ""Thomas Lindsay D'Anna"", 'profile_url': '/thomasldanna'}, {'text': ['And this guy is our president, wow! So many people sick and dying, the economy collapsing in front of our eyes and this is what he worries about. I can‚Äôt wait until November so we can get him fired!!!!!!!!'], 'profile_name': 'Juancarlos Diaz', 'profile_url': '/elmonstro2778'}]"
14,/story.php?story_fbid=10165001341425725&id=153080620724&refid=17&_ft_=mf_story_key.10165001341425725%3Atop_level_post_id.10165001341425725%3Atl_objid.10165001341425725%3Acontent_owner_id_new.153080620724%3Athrowback_story_fbid.10165001341425725%3Apage_id.153080620724%3Astory_location.4%3Atds_flgs.3%3Apage_insights.%7B%22153080620724%22%3A%7B%22page_id%22%3A153080620724%2C%22page_id_type%22%3A%22page%22%2C%22actor_id%22%3A153080620724%2C%22dm%22%3A%7B%22isShare%22%3A0%2C%22originalPostOwnerID%22%3A0%7D%2C%22psn%22%3A%22EntStatusCreationStory%22%2C%22post_context%22%3A%7B%22object_fbtype%22%3A266%2C%22publish_time%22%3A1593606048%2C%22story_name%22%3A%22EntStatusCreationStory%22%2C%22story_fbid%22%3A%5B10165001341425725%5D%7D%2C%22role%22%3A1%2C%22sl%22%3A4%2C%22targets%22%3A%5B%7B%22actor_id%22%3A153080620724%2C%22page_id%22%3A153080620724%2C%22post_id%22%3A10165001341425725%2C%22role%22%3A1%2C%22share_id%22%3A0%7D%5D%7D%7D%3Athid.153080620724%3A306061129499414%3A2%3A0%3A1596265199%3A-6930234200097763383&__tn__=%2AW-R#footer_action_list,[],,"[{'text': [""Please sir bring in the national guard our cities need your help. NY needs to vote these idiots out Cuomo and DiBlasio have ruined our State not to mention what's going on in Albany,NY""], 'profile_name': 'Cathy Parron', 'profile_url': '/cathy.parron'}, {'text': [""Bad idea. One bad apple.  Caused all this. Prosecute him. Not the good folks that do their jobs and do them right.  Democrats have no clue what it's like living in population we need our police departments. All that stands between us and lawless thugs""], 'profile_name': 'Brenda Goins', 'profile_url': '/brenda.goins.9862'}, {'text': ['Campaign Ad - Coming to a city near you under Biden! Showing Seattle, Minneapolis and NYC.  Very sad what the Liberals have done to these cities!'], 'profile_name': 'Donna Lyons', 'profile_url': '/donna.lyons.395'}, {'text': ['I feel so sorry for the innocent people that live in Minneapolis.  They will suffer because of decisions made by their inept City Councilmen.'], 'profile_name': 'Barbi Loyd Brown', 'profile_url': '/Barbi.Loyd'}, {'text': ['But yet now instead of the police those callous fools have hired private personal protection for themselves on the city taxpayers dollars. Great how it all worked out for them. What about the people that are not on the council? They are on their own to survive?'], 'profile_name': 'Linda Ferrullo', 'profile_url': '/linda.ferrullo'}, {'text': ['All the while spending $4500 per day of taxpayer money on their own private security'], 'profile_name': 'Katie Rude', 'profile_url': '/katie.rude.90'}, {'text': ['If it does happen all over the nation then we will see gun violence like never before as people will protect their property and family at all costs with their own weapons.'], 'profile_name': ""Daye O'Neal Poll"", 'profile_url': '/daye.poll'}, {'text': ['These corrupt council members are such hypocrites! They have taxpayer funded private security for themselves! How‚Äôs that for Hypocrisy!'], 'profile_name': 'TerryJackie Thompson', 'profile_url': '/terry.thompson.796569'}, {'text': ['This is fantastic. Now everyone in Minneapolis can defend their property without fear of the police showing up to arrest them and destroy their lives.'], 'profile_name': 'Kyle Blore', 'profile_url': '/kblore'}, {'text': ['‚Ä¢', ' Yes, you are right 100%, ', 'President Donald J. Trump', ', we have good men and women of ALL colors that are doing a great job, what needs to be done is stricter standards of their Police Departments to remove the bad officers that do not live up to their Oath of Office. '], 'profile_name': 'Captain James VƒÉn Th·∫°ch', 'profile_url': '/CaptainThach/'}, {'text': ['Community, City, County Law Enforcement Reserve to back-up our Local & State Police and our National Guard in the cases of over-whelming anti-american lawless violent destructive rioters. ', ' There needs to be an ‚Äúsubstantial‚Äù maintained emergency community reserve of law abiding american citizens AT THE READY to respond in every area of this country. ', ' Iam certain good citizens will respond if organized and properly led and instructed. ', ' Let us not witness our Police over-whelmed. ', ' Let‚Äôs be AT THE READY, and have their back.'], 'profile_name': 'Jim Hinchee', 'profile_url': '/jim.hinchee.3'}, {'text': ['I live in Minnesota in the suburbs and I will NEVER go into Minneapolis again for anything ever. I have lived in this state all my life and had planned to stay here but we are now looking to get out of here asap, many others are doing the same. This state has become an expensive shithole.'], 'profile_name': 'Sarah Onstad Parish', 'profile_url': '/sarah.o.parish'}, {'text': ['Time to release the military take back our country!!!'], 'profile_name': 'Lisa Bochat', 'profile_url': '/lisa.bochat'}, {'text': ['I hope everyone can see the ridiculousness in this decision.  Major Businesses have said they will relocate and goods and service deliveries may become a thing of he past.  Sad day for Minnesota!'], 'profile_name': 'Kristi Knutson', 'profile_url': '/kristi.knutson.39'}, {'text': ['It is RARE statistically that a policeman acts unprofessionall', 'y!! They in fact do their job too well!! Look up the numbers of calls per year !! If you knew what goes on ,and what the police prevent from happening in every town in America ,  you would hide under your bed and never come out!'], 'profile_name': 'Susan Carvey', 'profile_url': '/susan.carvey'}, {'text': [""Something needs to be done! The dems think they can run America when they can't even run their cities! Is there no federal law that can stop this? We have to vote the dems out asap! Republicans, get tougher! We are trying to save America from the generation that is trying to destroy us!""], 'profile_name': 'Kathy Poole Olson', 'profile_url': '/kathypoole.olson'}, {'text': ['Vote democrat and lose your police officers and your right to own guns. That‚Äôs a scary thought.'], 'profile_name': 'Melissa Dreyer', 'profile_url': '/melissa.mattinglydreyer'}, {'text': ['That‚Äôs funny.', ' ', ' Minneapolis council members ', 'üôÉ', 'üôÉ', 'have spent more Taxpayer money ', 'üí∞', ' for their own security after they calling for defunding police.', ' ', ' They are above the PEOPLE.'], 'profile_name': 'Amy Sun', 'profile_url': '/infrontofthesun'}, {'text': ['This is unbelievable. I feel incredibly sad for their citizens this morning.'], 'profile_name': 'Stephanie Mullins', 'profile_url': '/stephanie.mullins.1804'}, {'text': ['The Minneapolis city council members are spending$4500 per day on extra protection, who is protecting the taxpayers of Minneapolis? Shame on them, they should all be fired!!?'], 'profile_name': 'Carmen Canessa', 'profile_url': '/carmen.canessa.3'}]"
15,/story.php?story_fbid=10165001335205725&id=153080620724&refid=17&_ft_=mf_story_key.10165001335205725%3Atop_level_post_id.10165001335205725%3Atl_objid.10165001335205725%3Acontent_owner_id_new.153080620724%3Athrowback_story_fbid.10165001335205725%3Apage_id.153080620724%3Astory_location.4%3Atds_flgs.3%3Apage_insights.%7B%22153080620724%22%3A%7B%22page_id%22%3A153080620724%2C%22page_id_type%22%3A%22page%22%2C%22actor_id%22%3A153080620724%2C%22dm%22%3A%7B%22isShare%22%3A0%2C%22originalPostOwnerID%22%3A0%7D%2C%22psn%22%3A%22EntStatusCreationStory%22%2C%22post_context%22%3A%7B%22object_fbtype%22%3A266%2C%22publish_time%22%3A1593605977%2C%22story_name%22%3A%22EntStatusCreationStory%22%2C%22story_fbid%22%3A%5B10165001335205725%5D%7D%2C%22role%22%3A1%2C%22sl%22%3A4%2C%22targets%22%3A%5B%7B%22actor_id%22%3A153080620724%2C%22page_id%22%3A153080620724%2C%22post_id%22%3A10165001335205725%2C%22role%22%3A1%2C%22share_id%22%3A0%7D%5D%7D%7D%3Athid.153080620724%3A306061129499414%3A2%3A0%3A1596265199%3A4472765520452141890&__tn__=%2AW-R#footer_action_list,[],,"[{'text': ['PRESIDENT YOUR AWESOME.No one else in Washington seems to care.It is heart breaking to see America being destroyed by these low lifes and it seems no one is doing anything about it.Laws need to be enforced now more than ever to show them its not gonna happen.', ' TRUMP 2020'], 'profile_name': 'Jeanette Starkey', 'profile_url': '/jenny.stark.14289'}, {'text': ['I hope so...those Forts have had those names for decades and the ""names"" did not cause anyone any harm until now?????  Why should the taxpayers incur another expense to please a few misguided and ignorant souls who do not vote, do not work and break all laws they can?   You seem to be the only voice of freedom left...even the Republican Party has forsaken you.  Shame on them.  I think we need another party in this Country maybe ""Populist?""'], 'profile_name': 'Sandra Hausman', 'profile_url': '/sandra.hausman.1'}, {'text': [""Get the Gop out from hiding, and get them to help you. We're are our elected officials. They are silent.""], 'profile_name': 'Barney Roffe', 'profile_url': '/barney.roffe'}, {'text': ['They always stick ', 'üí©', "" in Bill's. Look at the one where they want our tax dollars to pay for solar panels on airplanes instead of the trillion going for our infrastructure."", ' Get those crazies out of our Congress.'], 'profile_name': 'Faye Carter Rodgers', 'profile_url': '/faye.carter.rodgers'}, {'text': ['Thank you President Trump for honoring our history, military bases and monuments! ', '‚ù§Ô∏è', 'üá∫üá∏', ' People need to respect those who have served/', 'continue to serve and the monuments and names for the military bases. If it wasn‚Äôt for those people and our history‚Äî we would not have the freedoms that we do today! God bless!'], 'profile_name': 'Jenny Hoben', 'profile_url': '/jenny.smyly'}, {'text': ['Thank you!!!!   We should not be changing names of anything, but a HUGE thank you for not changing the names of our military bases!!!   Our history needs to stay intact, the good and the bad.   These are lessons from our past that keep us moving forward.'], 'profile_name': 'Jane Mroposki Stewart', 'profile_url': '/jane.m.stewart.3'}, {'text': ['Thank you President trump!  It is so refreshing to have a President who we can depend on to do what is in the best interest of this great country and One who relies on the Lord to help him thru. Keeping you in our prayers!  '], 'profile_name': 'Alma Ferree Campbell', 'profile_url': '/alma.f.campbell'}, {'text': ['You need to shut this down now. They have no right to take over our country, our way of life, our history!  They don‚Äôt know our history or who these statues represent, it‚Äôs just bored puppet kids running rampant. '], 'profile_name': 'Dawn Carlyle-Asher', 'profile_url': '/dawn.carlyleasher'}, {'text': ['I hope so! Thank you for preserving American History- the good and bad. History is history. In the past: to reflect on, improve on, learn from and move forward.'], 'profile_name': 'Shawna Hall', 'profile_url': '/shawna.hall.735'}, {'text': ['Please don‚Äôt re-name our bases.   Government has got to QUIT giving into these people.   The majority group is tired of being led by the minority group.   Put things to a freakin vote if needed.  Tired of a handful of people taking away USA‚Äôs heritage and history !   Learn from it for goodness sakes! Teach it in schools again.  Statues , etc. should represent how far we‚Äôve grown.  It is everyone‚Äôs heritage and history , STOP taking it away from us. ', ' Trump 2020', 'üá∫üá∏', ' Trump Jr. ', 'üòú', '2024'], 'profile_name': 'Kara Mapes Waller', 'profile_url': '/kara.mapeswaller'}, {'text': ['All this renaming is ludicrous. The USA became great because of our mistakes and learning that goes with it. Keep USA great! '], 'profile_name': 'Jinianne Gorg', 'profile_url': '/jinianne.gorg'}, {'text': ['Thanks God for giving you courage and wisdom to lead this great country in a crisis like this...', "" Thank you for God's protection for you and your family..God bless you and God bless America!we love you Mr. President and we are praying for you!""], 'profile_name': 'Amanj Zrar', 'profile_url': '/profile.php'}, {'text': ['Thank god. Not sure why these parents did not teach their children that words do not hurt them. These building names and monuments stand as a reminder of how far we have come and how much farther we need to go. Learn your history people. sticks and stones.'], 'profile_name': 'Lisa Holland', 'profile_url': '/lisa.holland.503'}, {'text': ['Stay strong big dog.  Be Patient. Time is on your side .  lead the agenda. Stay optimistic if possible.  We have this.'], 'profile_name': 'Jeff Leyda', 'profile_url': '/jeff.leyda.5'}, {'text': ['I am tired of the reason being ‚Äúbecause I said so‚Äù by the Demos.  Well I am here to say ‚Äúwho the hell are you to tell me what to do‚Äù'], 'profile_name': 'Raisa D Davis', 'profile_url': '/raisa.d.davis'}, {'text': ['MAKE AMERICA GREAT AGAIN!'], 'profile_name': 'Ahmed Mohammed Nagi', 'profile_url': '/profile.php'}, {'text': [""Thank you Mr. President. Don't let the communists change History. "", 'üëç', 'üëç'], 'profile_name': 'Dare Moe', 'profile_url': '/dare.moe.5'}, {'text': ['Thank you! Stand strong! We have your back! You are doing a great job! Love you!'], 'profile_name': 'Penny Binkley', 'profile_url': '/penny.binkley.1'}, {'text': ['It is time to take back America.  It belongs to all of us.  Changing names, tearing down statues and making a mockery of ALL the people who fought and died for our independence, will not remake history.   We need to start by not allowing a few seek revenge for mistakes that was made years ago.  Everyone creates their own way of life now.  It is not based on our past.'], 'profile_name': 'DanielandBrenda Melton', 'profile_url': '/daniel.melton.1253'}, {'text': ['Ft.  Bragg is special to my family. ', 'üíô', ' My daddy was the first baby to be born on Fathers Day(1952) on Ft. Bragg.   My dad has the article of my grandpas sergeant shaking his hand congratulating him.  Thank you for standing up for USA President Trump', 'üá∫üá∏'], 'profile_name': 'Kara Mapes Waller', 'profile_url': '/kara.mapeswaller'}]"
16,/story.php?story_fbid=10164999040775725&id=153080620724&refid=17&_ft_=mf_story_key.10164999040775725%3Atop_level_post_id.10164999040775725%3Atl_objid.10164999040775725%3Acontent_owner_id_new.153080620724%3Athrowback_story_fbid.10164999040775725%3Apage_id.153080620724%3Astory_location.4%3Atds_flgs.3%3Apage_insights.%7B%22153080620724%22%3A%7B%22page_id%22%3A153080620724%2C%22page_id_type%22%3A%22page%22%2C%22actor_id%22%3A153080620724%2C%22dm%22%3A%7B%22isShare%22%3A0%2C%22originalPostOwnerID%22%3A0%7D%2C%22psn%22%3A%22EntStatusCreationStory%22%2C%22post_context%22%3A%7B%22object_fbtype%22%3A266%2C%22publish_time%22%3A1593566521%2C%22story_name%22%3A%22EntStatusCreationStory%22%2C%22story_fbid%22%3A%5B10164999040775725%5D%7D%2C%22role%22%3A1%2C%22sl%22%3A4%2C%22targets%22%3A%5B%7B%22actor_id%22%3A153080620724%2C%22page_id%22%3A153080620724%2C%22post_id%22%3A10164999040775725%2C%22role%22%3A1%2C%22share_id%22%3A0%7D%5D%7D%7D%3Athid.153080620724%3A306061129499414%3A2%3A0%3A1596265199%3A-5039609105979644944&__tn__=%2AW-R#footer_action_list,[],,[]
17,/story.php?story_fbid=10164997151555725&id=153080620724&refid=17&_ft_=mf_story_key.10164997151555725%3Atop_level_post_id.10164997151555725%3Atl_objid.10164997151555725%3Acontent_owner_id_new.153080620724%3Athrowback_story_fbid.10164997151555725%3Apage_id.153080620724%3Astory_location.4%3Atds_flgs.3%3Apage_insights.%7B%22153080620724%22%3A%7B%22page_id%22%3A153080620724%2C%22page_id_type%22%3A%22page%22%2C%22actor_id%22%3A153080620724%2C%22dm%22%3A%7B%22isShare%22%3A0%2C%22originalPostOwnerID%22%3A0%7D%2C%22psn%22%3A%22EntStatusCreationStory%22%2C%22post_context%22%3A%7B%22object_fbtype%22%3A266%2C%22publish_time%22%3A1593558774%2C%22story_name%22%3A%22EntStatusCreationStory%22%2C%22story_fbid%22%3A%5B10164997151555725%5D%7D%2C%22role%22%3A1%2C%22sl%22%3A4%2C%22targets%22%3A%5B%7B%22actor_id%22%3A153080620724%2C%22page_id%22%3A153080620724%2C%22post_id%22%3A10164997151555725%2C%22role%22%3A1%2C%22share_id%22%3A0%7D%5D%7D%7D%3Athid.153080620724%3A306061129499414%3A2%3A0%3A1596265199%3A-7049808358289798164&__tn__=%2AW-R#footer_action_list,[],,[]
18,/story.php?story_fbid=10164996954985725&id=153080620724&refid=17&_ft_=mf_story_key.10164996954985725%3Atop_level_post_id.10164996954985725%3Atl_objid.10164996954985725%3Acontent_owner_id_new.153080620724%3Athrowback_story_fbid.10164996954985725%3Apage_id.153080620724%3Astory_location.4%3Atds_flgs.3%3Apage_insights.%7B%22153080620724%22%3A%7B%22page_id%22%3A153080620724%2C%22page_id_type%22%3A%22page%22%2C%22actor_id%22%3A153080620724%2C%22dm%22%3A%7B%22isShare%22%3A0%2C%22originalPostOwnerID%22%3A0%7D%2C%22psn%22%3A%22EntStatusCreationStory%22%2C%22post_context%22%3A%7B%22object_fbtype%22%3A266%2C%22publish_time%22%3A1593557607%2C%22story_name%22%3A%22EntStatusCreationStory%22%2C%22story_fbid%22%3A%5B10164996954985725%5D%7D%2C%22role%22%3A1%2C%22sl%22%3A4%2C%22targets%22%3A%5B%7B%22actor_id%22%3A153080620724%2C%22page_id%22%3A153080620724%2C%22post_id%22%3A10164996954985725%2C%22role%22%3A1%2C%22share_id%22%3A0%7D%5D%7D%7D%3Athid.153080620724%3A306061129499414%3A2%3A0%3A1596265199%3A-723951864532574501&__tn__=%2AW-R#footer_action_list,[],,[]
19,/story.php?story_fbid=10164996949415725&id=153080620724&refid=17&_ft_=mf_story_key.10164996949415725%3Atop_level_post_id.10164996949415725%3Atl_objid.10164996949415725%3Acontent_owner_id_new.153080620724%3Athrowback_story_fbid.10164996949415725%3Apage_id.153080620724%3Astory_location.4%3Atds_flgs.3%3Apage_insights.%7B%22153080620724%22%3A%7B%22page_id%22%3A153080620724%2C%22page_id_type%22%3A%22page%22%2C%22actor_id%22%3A153080620724%2C%22dm%22%3A%7B%22isShare%22%3A0%2C%22originalPostOwnerID%22%3A0%7D%2C%22psn%22%3A%22EntStatusCreationStory%22%2C%22post_context%22%3A%7B%22object_fbtype%22%3A266%2C%22publish_time%22%3A1593557544%2C%22story_name%22%3A%22EntStatusCreationStory%22%2C%22story_fbid%22%3A%5B10164996949415725%5D%7D%2C%22role%22%3A1%2C%22sl%22%3A4%2C%22targets%22%3A%5B%7B%22actor_id%22%3A153080620724%2C%22page_id%22%3A153080620724%2C%22post_id%22%3A10164996949415725%2C%22role%22%3A1%2C%22share_id%22%3A0%7D%5D%7D%7D%3Athid.153080620724%3A306061129499414%3A2%3A0%3A1596265199%3A-4975514057350745785&__tn__=%2AW-R#footer_action_list,[],,[]
20,/story.php?story_fbid=10164995432200725&id=153080620724&refid=17&_ft_=mf_story_key.10164995432200725%3Atop_level_post_id.10164995432200725%3Atl_objid.10164995432200725%3Acontent_owner_id_new.153080620724%3Athrowback_story_fbid.10164995432200725%3Apage_id.153080620724%3Aphoto_id.10164995431555725%3Astory_location.4%3Astory_attachment_style.photo%3Atds_flgs.3%3Apage_insights.%7B%22153080620724%22%3A%7B%22page_id%22%3A153080620724%2C%22page_id_type%22%3A%22page%22%2C%22actor_id%22%3A153080620724%2C%22dm%22%3A%7B%22isShare%22%3A0%2C%22originalPostOwnerID%22%3A0%7D%2C%22psn%22%3A%22EntStatusCreationStory%22%2C%22post_context%22%3A%7B%22object_fbtype%22%3A266%2C%22publish_time%22%3A1593544041%2C%22story_name%22%3A%22EntStatusCreationStory%22%2C%22story_fbid%22%3A%5B10164995432200725%5D%7D%2C%22role%22%3A1%2C%22sl%22%3A4%2C%22targets%22%3A%5B%7B%22actor_id%22%3A153080620724%2C%22page_id%22%3A153080620724%2C%22post_id%22%3A10164995432200725%2C%22role%22%3A1%2C%22share_id%22%3A0%7D%5D%7D%7D%3Athid.153080620724%3A306061129499414%3A2%3A0%3A1596265199%3A7670153607298813412&__tn__=%2AW-R#footer_action_list,[],,"[{'text': ['Thank you for spending your late years fighting for us. Prayers for the Holy Spirit to help guide you with your decisions. I pray that in Jesus name he will place a hedge of protection around you and protect you from the evil sinister ways of such a greedy corrupt government. I appreciate all your hard work for free. Thank you. '], 'profile_name': 'Caressa Taylor', 'profile_url': '/caressa87'}, {'text': ['‚ÄúStrength through unity, and unity through faith‚Äù'], 'profile_name': 'Brian Lee', 'profile_url': '/autodafey'}, {'text': ['If it wasn‚Äôt for you...we would all be in FEMA camps already! ', '#', 'WWG1WGA', ' '], 'profile_name': 'Laire Lightner', 'profile_url': '/lairelightner'}, {'text': ['So true!! Thank you for sticking with it and being a wonderful President, despite the constant battle!! ', 'üá∫üá∏'], 'profile_name': 'Laura Crowder Seitz', 'profile_url': '/laura.crowderseitz'}, {'text': ['We know that and we keep fighting for you!!', 'üá∫üá∏'], 'profile_name': 'Ronald Jost', 'profile_url': '/ronny.jost.7'}, {'text': ['I just shared this one yesterday I love it !!   Thank you sir, for your continued dedication to our country !'], 'profile_name': 'Raewin Walker', 'profile_url': '/raewin.walker'}, {'text': ['We need you in office for another 4 years, so you can stop this madness!'], 'profile_name': 'Mary Simoneau', 'profile_url': '/mary.simoneau.9'}, {'text': ['This  is  so  true!  They  want  to  destroy  our  nation  and  we  can‚Äôt  let  them!!!'], 'profile_name': 'Judy Ernst', 'profile_url': '/jaernst1'}, {'text': ['Exactly right! This has become glaringly obvious during the rioting and vandalism. I pray daily for you and our country!'], 'profile_name': 'Mary Stamm', 'profile_url': '/mary.stamm.37'}, {'text': ['and we appreciate you and back you up 100%.'], 'profile_name': 'Bryan Casella', 'profile_url': '/bryan.casella.5'}, {'text': [""Well they seem to have gone right around you.  Looks like you're the best thing that ever happened to them, seeing as they are getting everything and we're getting nothing.  But the ADL wouldn't have it any other way.""], 'profile_name': 'Joe Sheehy', 'profile_url': '/joe.sheehy.50'}, {'text': ['Absolutely 100% accurate!'], 'profile_name': 'Aimee Roberts', 'profile_url': '/aimee.roberts.50'}, {'text': ['Keep fighting the good fight! We are thankful for all you do on our behalf!'], 'profile_name': 'Josh Cox', 'profile_url': '/eagles9wr'}, {'text': ['So very true Sir. Keep up the great work, God bless and keep your powder dry....'], 'profile_name': 'Geoff Kull', 'profile_url': '/geoff.kull'}, {'text': ['NO WEAPON FORMED AGAINST SHALL PROSPER...IF GOD IS FOR US THEN WHO CAN BE AGAINST...GOD LET YOUR GLORY BE PRODUCED IN THIS EARTH NOW.,I DECREE AND DECLARE THIS..IN JESUS NAME'], 'profile_name': 'Tamara Scott-mccalister', 'profile_url': '/tamara.scottmccalister'}, {'text': ['Thank You for standing in the gap for us!  Praying for you!'], 'profile_name': 'Jackie Hallock', 'profile_url': '/jackie.hallock.5'}, {'text': ['So true thank you Mr President for standing between us and the devil.its a tough place to stand but when The most Holy Father is with you who I  asked who can be against you,  no weapon formed shall prosper. God bless America TRUMP2020!'], 'profile_name': 'Betty Phillips', 'profile_url': '/betty.phillips.75470'}, {'text': ['What reality is this?! You have lost your damn mind ', 'ü§£', 'ü§£'], 'profile_name': 'David A. Aguayo', 'profile_url': '/aalexanderaguayo'}, {'text': ['Your inaugural crowd was small.'], 'profile_name': 'David Schinsing', 'profile_url': '/profile.php'}, {'text': ['Joel Biden has a commanding, 14 point lead over president Trump in 2020 race, a new York times/ Siena college poll of registered voters shows. Biden has a big lead with women and non White voters and has Made inroads with some GOP leaning groups. 50% for Joe Biden, 36% for Trump, and 14% for others.'], 'profile_name': 'Akugizibwe Katezaara Livingstone', 'profile_url': '/akugizibwe.livingstone'}]"
21,/story.php?story_fbid=10164993381210725&id=153080620724&refid=17&_ft_=mf_story_key.10164993381210725%3Atop_level_post_id.10164993381210725%3Atl_objid.10164993381210725%3Acontent_owner_id_new.153080620724%3Athrowback_story_fbid.10164993381210725%3Apage_id.153080620724%3Astory_location.4%3Atds_flgs.3%3Apage_insights.%7B%22153080620724%22%3A%7B%22page_id%22%3A153080620724%2C%22page_id_type%22%3A%22page%22%2C%22actor_id%22%3A153080620724%2C%22dm%22%3A%7B%22isShare%22%3A0%2C%22originalPostOwnerID%22%3A0%7D%2C%22psn%22%3A%22EntStatusCreationStory%22%2C%22post_context%22%3A%7B%22object_fbtype%22%3A266%2C%22publish_time%22%3A1593523247%2C%22story_name%22%3A%22EntStatusCreationStory%22%2C%22story_fbid%22%3A%5B10164993381210725%5D%7D%2C%22role%22%3A1%2C%22sl%22%3A4%2C%22targets%22%3A%5B%7B%22actor_id%22%3A153080620724%2C%22page_id%22%3A153080620724%2C%22post_id%22%3A10164993381210725%2C%22role%22%3A1%2C%22share_id%22%3A0%7D%5D%7D%7D%3Athid.153080620724%3A306061129499414%3A2%3A0%3A1596265199%3A-8188832160545091577&__tn__=%2AW-R#footer_action_list,[],,[]
22,/story.php?story_fbid=10164989475965725&id=153080620724&refid=17&_ft_=mf_story_key.10164989475965725%3Atop_level_post_id.10164989475965725%3Atl_objid.10164989475965725%3Acontent_owner_id_new.153080620724%3Aoriginal_content_id.2690635271226013%3Aoriginal_content_owner_id.1771156219840594%3Athrowback_story_fbid.10164989475965725%3Apage_id.153080620724%3Aphoto_id.2690634987892708%3Astory_location.4%3Aattached_story_attachment_style.photo%3Atds_flgs.3%3Apage_insights.%7B%22153080620724%22%3A%7B%22page_id%22%3A153080620724%2C%22page_id_type%22%3A%22page%22%2C%22actor_id%22%3A153080620724%2C%22dm%22%3A%7B%22isShare%22%3A1%2C%22originalPostOwnerID%22%3A2690635271226013%7D%2C%22psn%22%3A%22EntStatusCreationStory%22%2C%22post_context%22%3A%7B%22object_fbtype%22%3A266%2C%22publish_time%22%3A1593479586%2C%22story_name%22%3A%22EntStatusCreationStory%22%2C%22story_fbid%22%3A%5B10164989475965725%5D%7D%2C%22role%22%3A1%2C%22sl%22%3A4%2C%22targets%22%3A%5B%7B%22actor_id%22%3A153080620724%2C%22page_id%22%3A153080620724%2C%22post_id%22%3A10164989475965725%2C%22role%22%3A1%2C%22share_id%22%3A2690635271226013%7D%5D%7D%2C%221771156219840594%22%3A%7B%22page_id%22%3A1771156219840594%2C%22page_id_type%22%3A%22page%22%2C%22actor_id%22%3A153080620724%2C%22attached_story%22%3A%7B%22page_id%22%3A1771156219840594%2C%22page_id_type%22%3A%22page%22%2C%22actor_id%22%3A1771156219840594%2C%22dm%22%3A%7B%22isShare%22%3A0%2C%22originalPostOwnerID%22%3A0%7D%2C%22psn%22%3A%22EntStatusCreationStory%22%2C%22post_context%22%3A%7B%22object_fbtype%22%3A266%2C%22publish_time%22%3A1593462406%2C%22story_name%22%3A%22EntStatusCreationStory%22%2C%22story_fbid%22%3A%5B2690635271226013%5D%7D%2C%22role%22%3A1%2C%22sl%22%3A4%7D%2C%22dm%22%3A%7B%22isShare%22%3A0%2C%22originalPostOwnerID%22%3A0%7D%2C%22psn%22%3A%22EntStatusCreationStory%22%2C%22role%22%3A1%2C%22sl%22%3A4%2C%22targets%22%3A%5B%7B%22actor_id%22%3A153080620724%2C%22page_id%22%3A1771156219840594%2C%22post_id%22%3A2690635271226013%2C%22role%22%3A1%2C%22share_id%22%3A0%7D%5D%7D%7D%3Athid.153080620724%3A306061129499414%3A2%3A0%3A1596265199%3A286071963425646500&__tn__=%2AW-R#footer_action_list,[],,[]
23,/story.php?story_fbid=10164986971220725&id=153080620724&refid=17&_ft_=mf_story_key.10164986971220725%3Atop_level_post_id.10164986971220725%3Atl_objid.10164986971220725%3Acontent_owner_id_new.153080620724%3Athrowback_story_fbid.10164986971220725%3Apage_id.153080620724%3Aphoto_id.10164986970200725%3Astory_location.4%3Astory_attachment_style.photo%3Atds_flgs.3%3Apage_insights.%7B%22153080620724%22%3A%7B%22page_id%22%3A153080620724%2C%22page_id_type%22%3A%22page%22%2C%22actor_id%22%3A153080620724%2C%22dm%22%3A%7B%22isShare%22%3A0%2C%22originalPostOwnerID%22%3A0%7D%2C%22psn%22%3A%22EntStatusCreationStory%22%2C%22post_context%22%3A%7B%22object_fbtype%22%3A266%2C%22publish_time%22%3A1593458432%2C%22story_name%22%3A%22EntStatusCreationStory%22%2C%22story_fbid%22%3A%5B10164986971220725%5D%7D%2C%22role%22%3A1%2C%22sl%22%3A4%2C%22targets%22%3A%5B%7B%22actor_id%22%3A153080620724%2C%22page_id%22%3A153080620724%2C%22post_id%22%3A10164986971220725%2C%22role%22%3A1%2C%22share_id%22%3A0%7D%5D%7D%7D%3Athid.153080620724%3A306061129499414%3A2%3A0%3A1596265199%3A-3042570882037982607&__tn__=%2AW-R#footer_action_list,[],,[]
24,/story.php?story_fbid=10164986969180725&id=153080620724&refid=17&_ft_=mf_story_key.10164986969180725%3Atop_level_post_id.10164986969180725%3Atl_objid.10164986969180725%3Acontent_owner_id_new.153080620724%3Athrowback_story_fbid.10164986969180725%3Apage_id.153080620724%3Aphoto_id.10164986968925725%3Astory_location.4%3Astory_attachment_style.photo%3Atds_flgs.3%3Apage_insights.%7B%22153080620724%22%3A%7B%22page_id%22%3A153080620724%2C%22page_id_type%22%3A%22page%22%2C%22actor_id%22%3A153080620724%2C%22dm%22%3A%7B%22isShare%22%3A0%2C%22originalPostOwnerID%22%3A0%7D%2C%22psn%22%3A%22EntStatusCreationStory%22%2C%22post_context%22%3A%7B%22object_fbtype%22%3A266%2C%22publish_time%22%3A1593458413%2C%22story_name%22%3A%22EntStatusCreationStory%22%2C%22story_fbid%22%3A%5B10164986969180725%5D%7D%2C%22role%22%3A1%2C%22sl%22%3A4%2C%22targets%22%3A%5B%7B%22actor_id%22%3A153080620724%2C%22page_id%22%3A153080620724%2C%22post_id%22%3A10164986969180725%2C%22role%22%3A1%2C%22share_id%22%3A0%7D%5D%7D%7D%3Athid.153080620724%3A306061129499414%3A2%3A0%3A1596265199%3A-1612909477413976594&__tn__=%2AW-R#footer_action_list,[],,"[{'text': ['How well has it helped you?', "" Should've endorsed more house members then you probably wouldn't have been impeached."", "" And all that's nice and everything but cities are burning and we still dontbknow all of the truth about this virus."", ' But you keep touting stuff that really isnt helping us, just dont hurt your arm patting yourself on the back.', ' Maybe the next post will be about all of the corrupt deep state he has put in jail'], 'profile_name': 'Aaron Chapin', 'profile_url': '/aaron.chapin.35'}, {'text': ['No it‚Äôs poor Joe that has dementia and can‚Äôt put two ', ' sentences together. He‚Äôd be great dealing with hostile foreign countries.  He‚Äôd probably give the country to them in his confusion '], 'profile_name': 'Gial Sanders', 'profile_url': '/gail.sanders100'}, {'text': ['If Trump had the Democrats working with him instead of fighting everything he‚Äôs done for America,, we wouldn‚Äôt be in this rioting and protesting and trying to divide our great country '], 'profile_name': 'Brenda McMahon Nichols', 'profile_url': '/brenda.nichols.7927'}, {'text': ['It must be the states where all those folks are losing then.'], 'profile_name': 'Kenneth Brown', 'profile_url': '/kenneth.brown.923'}, {'text': ['If our American media treated Trump with the same respect as Obama our country would be 1000x better and not divide. They divide us to hide all the bad many of them are involved in.'], 'profile_name': 'Edward Gina Baksa Jr.', 'profile_url': '/edward.baksa'}, {'text': ['We have a serious TDS pandemic here. Bitterness and hatred is the most toxic form of motivation, it only ruins those who love it in the end.'], 'profile_name': 'Bill Goldie', 'profile_url': '/bill.goldie.3975'}, {'text': ['Yep! And although trump is awesome he was wrong on the one loss he had and I‚Äôm glad that guy won in NC'], 'profile_name': 'Jacob Lancelot', 'profile_url': '/jacob.lancelot'}, {'text': [""We don't hold Bennett against you, Mr. President, you don't know the make up and socioeconomic situation out here. Don't worry, Cawthorn is your man. ""], 'profile_name': 'Kelly Ann', 'profile_url': '/kelly.ann.71066'}, {'text': ['Please stop these inane, self-aggrandizi', 'ng posts/tweets and focus on your job of uniting us, helping us, protecting us, and leading us. The buck stops with YOU. '], 'profile_name': 'Khib Kugler', 'profile_url': '/khib.kugler'}, {'text': [""That's kind of funny you say that. In Birmingham they are reporting ICU's at capacity on the news. Several ICU nurses I know debunk that on a daily basis. The ICU's are running 80% capacity and that includes patients not suffering from covid.""], 'profile_name': 'Denny George', 'profile_url': '/dgeorge150'}, {'text': ['YOU LOST 41 HOUSE SEATS IN 2018!'], 'profile_name': 'Ava Collucci', 'profile_url': '/ava.collucci'}, {'text': ['Dems clearly do not want a strong republic...they', ' want victims fear and mayhem to keep themselves in power.'], 'profile_name': 'Matt Selig', 'profile_url': '/jmseligj'}, {'text': [""But let's talk about all the ones you lost in the 2018 midterms""], 'profile_name': 'Joseph Master', 'profile_url': '/joseph.master.35'}, {'text': ['You yourself are bringing yourself down sad that no matter what you do in life you will always be a failure.'], 'profile_name': 'Aj Galindo', 'profile_url': '/aj.galindo.370'}, {'text': ['Wow, the TDS on here is hilarious. Shitty personalities trying to point fingers.'], 'profile_name': 'Micky Craig', 'profile_url': '/mcin1badZ'}, {'text': ['To bad you can‚Äôt get that rating with the American people lmao.  ', ' Vote Blue! '], 'profile_name': 'Gabriela Santiago', 'profile_url': '/GabySantiago29'}, {'text': ['Love It!!  MR. President please start endorsing different ones from each state so we know who will help you when you get re-elected this year.'], 'profile_name': 'Tom Cavalear', 'profile_url': '/TomandCindyCavalear'}, {'text': ['That‚Äôs an amazing accomplishment.', ' Never have we seen such a record. And with the amount of judges you put in seats left vacant by that last lazy President. Best, hardest working President in our lifetimes. '], 'profile_name': 'Jamie Scott', 'profile_url': '/jamie.scott.3745'}, {'text': ['Dems still have and will keep the house and flip the senate.', ' '], 'profile_name': 'Mike Haas', 'profile_url': '/mike.haas.7547031'}, {'text': ['Iran has issued a warrant of arrest for  you,,,,,and asked interpol ,what should we do?'], 'profile_name': 'Maxwell Chikumbi', 'profile_url': '/maxwell.chikumbi.52'}]"
